CD_BAIRRO,NM_BAIRRO,"Domicílios Particulares Permanentes Ocupados, Tipo de espécie é casa, Quantidade de moradores","Domicílios Particulares Permanentes Ocupados, Tipo de espécie é casa de vila ou em condomínio, Quantidade de moradores","Domicílios Particulares Permanentes Ocupados, Tipo de espécie é apartamento, Quantidade de moradores","Domicílios Particulares Permanentes Ocupados, Tipo de espécie é casa, Quantidade de crianças de zero a nove anos de idade","Domicílios Particulares Permanentes Ocupados, Tipo de espécie é casa de vila ou em condomínio, Quantidade de crianças de zero a nove anos de idade","Domicílios Particulares Permanentes Ocupados, Tipo de espécie é apartamento, Quantidade de crianças de zero a nove anos de idade","Domicílios Particulares Permanentes Ocupados, Tipo de espécie é casa, Pessoas de sexo masculino no domicílio","Domicílios Particulares Permanentes Ocupados, Tipo de espécie é casa de vila ou em condomínio, Pessoas de sexo masculino no domicílio","Domicílios Particulares Permanentes Ocupados, Tipo de espécie é apartamento, Pessoas de sexo masculino no domicílio","Domicílios Particulares Permanentes Ocupados, Tipo de espécie é casa, Pessoas de sexo feminino no domicílio","Domicílios Particulares Permanentes Ocupados, Tipo de espécie é casa de vila ou em condomínio, Pessoas de sexo feminino no domicílio","Domicílios Particulares Permanentes Ocupados, Tipo de espécie é apartamento, Pessoas de sexo feminino no domicílio","Domicílios Particulares Permanentes Ocupados, Utiliza rede geral de distribuição, Quantidade de moradores","Domicílios Particulares Permanentes Ocupados, Utiliza poço profundo ou artesiano, Quantidade de moradores","Domicílios Particulares Permanentes Ocupados, Utiliza poço raso, freático ou cacimba, Quantidade de moradores","Domicílios Particulares Permanentes Ocupados, Utiliza fonte, nascente ou mina, Quantidade de moradores","Domicílios Particulares Permanentes Ocupados, Utiliza carro-pipa, Quantidade de moradores","Domicílios Particulares Permanentes Ocupados, Utiliza água da chuva armazenada, Quantidade de moradores","Domicílios Particulares Permanentes Ocupados, Utiliza rios, açudes, córregos, lagos e igarapés, Quantidade de moradores","Domicílios Particulares Permanentes Ocupados, Utiliza outra forma de abastecimento de água, Quantidade de moradores","Domicílios Particulares Permanentes Ocupados, Utiliza rede geral de distribuição, Quantidade de crianças de zero a nove anos de idade","Domicílios Particulares Permanentes Ocupados, Utiliza poço profundo ou artesiano, Quantidade de crianças de zero a nove anos de idade","Domicílios Particulares Permanentes Ocupados, Utiliza poço raso, freático ou cacimba, Quantidade de crianças de zero a nove anos de idade","Domicílios Particulares Permanentes Ocupados, Utiliza fonte, nascente ou mina, Quantidade de crianças de zero a nove anos de idade","Domicílios Particulares Permanentes Ocupados, Utiliza carro-pipa, Quantidade de crianças de zero a nove anos de idade","Domicílios Particulares Permanentes Ocupados, Utiliza água da chuva armazenada, Quantidade de crianças de zero a nove anos de idade","Domicílios Particulares Permanentes Ocupados, Utiliza rios, açudes, córregos, lagos e igarapés, Quantidade de crianças de zero a nove anos de idade","Domicílios Particulares Permanentes Ocupados, Utiliza outra forma de abastecimento de água, Quantidade de crianças de zero a nove anos de idade","Domicílios Particulares Permanentes Ocupados, Utiliza rede geral de distribuição, Pessoas de sexo masculino no domicílio","Domicílios Particulares Permanentes Ocupados, Utiliza poço profundo ou artesiano, Pessoas de sexo masculino no domicílio","Domicílios Particulares Permanentes Ocupados, Utiliza poço raso, freático ou cacimba, Pessoas de sexo masculino no domicílio","Domicílios Particulares Permanentes Ocupados, Utiliza fonte, nascente ou mina, Pessoas de sexo masculino no domicílio","Domicílios Particulares Permanentes Ocupados, Utiliza carro-pipa, Pessoas de sexo masculino no domicílio","Domicílios Particulares Permanentes Ocupados, Utiliza água da chuva armazenada, Pessoas de sexo masculino no domicílio","Domicílios Particulares Permanentes Ocupados, Utiliza rios, açudes, córregos, lagos e igarapés, Pessoas de sexo masculino no domicílio","Domicílios Particulares Permanentes Ocupados, Utiliza outra forma de abastecimento de água, Pessoas de sexo masculino no domicílio","Domicílios Particulares Permanentes Ocupados, Utiliza rede geral de distribuição, Pessoas de sexo feminino no domicílio","Domicílios Particulares Permanentes Ocupados, Utiliza poço profundo ou artesiano, Pessoas de sexo feminino no domicílio","Domicílios Particulares Permanentes Ocupados, Utiliza poço raso, freático ou cacimba, Pessoas de sexo feminino no domicílio","Domicílios Particulares Permanentes Ocupados, Utiliza fonte, nascente ou mina, Pessoas de sexo feminino no domicílio","Domicílios Particulares Permanentes Ocupados, Utiliza carro-pipa, Pessoas de sexo feminino no domicílio","Domicílios Particulares Permanentes Ocupados, Utiliza água da chuva armazenada, Pessoas de sexo feminino no domicílio","Domicílios Particulares Permanentes Ocupados, Utiliza rios, açudes, córregos, lagos e igarapés, Pessoas de sexo feminino no domicílio","Domicílios Particulares Permanentes Ocupados, Utiliza outra forma de abastecimento de água, Pessoas de sexo feminino no domicílio","Domicílios Particulares Permanentes Ocupados, Água chega encanada até dentro da casa, apartamento ou habitação, Quantidade de moradores","Domicílios Particulares Permanentes Ocupados, Água chega encanada, mas apenas ao terreno, Quantidade de moradores","Domicílios Particulares Permanentes Ocupados, Água não chega encanada ao domicílio, Quantidade de moradores","Domicílios Particulares Permanentes Ocupados, Água chega encanada até dentro da casa, apartamento ou habitação, Quantidade de crianças de zero a nove anos de idade","Domicílios Particulares Permanentes Ocupados, Água chega encanada, mas apenas ao terreno, Quantidade de crianças de zero a nove anos de idade","Domicílios Particulares Permanentes Ocupados, Água não chega encanada ao domicílio, Quantidade de crianças de zero a nove anos de idade","Domicílios Particulares Permanentes Ocupados, Água chega encanada até dentro da casa, apartamento ou habitação, Pessoas de sexo masculino no domicílio","Domicílios Particulares Permanentes Ocupados, Água chega encanada, mas apenas ao terreno, Pessoas de sexo masculino no domicílio","Domicílios Particulares Permanentes Ocupados, Água não chega encanada ao domicílio, Pessoas de sexo masculino no domicílio","Domicílios Particulares Permanentes Ocupados, Água chega encanada até dentro da casa, apartamento ou habitação, Pessoas de sexo feminino no domicílio","Domicílios Particulares Permanentes Ocupados, Água chega encanada, mas apenas ao terreno, Pessoas de sexo feminino no domicílio","Domicílios Particulares Permanentes Ocupados, Água não chega encanada ao domicílio, Pessoas de sexo feminino no domicílio","Domicílios Particulares Permanentes Ocupados, 1 banheiro de uso exclusivo com chuveiro e vaso sanitário existentes no domicílio, Quantidade de moradores","Domicílios Particulares Permanentes Ocupados, 2 banheiros de uso exclusivo com chuveiro e vaso sanitário existentes no domicílio, Quantidade de moradores","Domicílios Particulares Permanentes Ocupados, 3 banheiros de uso exclusivo com chuveiro e vaso sanitário existentes no domicílio, Quantidade de moradores","Domicílios Particulares Permanentes Ocupados, 4 ou mais banheiros de uso exclusivo com chuveiro e vaso sanitário existentes no domicílio, Quantidade de moradores","Domicílios Particulares Permanentes Ocupados, Apenas banheiro de uso comum a mais de um domicílio, Quantidade de moradores","Domicílios Particulares Permanentes Ocupados, Apenas sanitário ou buraco para dejeções, inclusive os localizados no terreno, Quantidade de moradores","Domicílios Particulares Permanentes Ocupados, Não tinham banheiro nem sanitário, Quantidade de moradores","Domicílios Particulares Permanentes Ocupados, 1 banheiro de uso exclusivo com chuveiro e vaso sanitário existentes no domicílio, Quantidade de crianças de zero a nove anos de idade","Domicílios Particulares Permanentes Ocupados, 2 banheiros de uso exclusivo com chuveiro e vaso sanitário existentes no domicílio, Quantidade de crianças de zero a nove anos de idade","Domicílios Particulares Permanentes Ocupados, 3 banheiros de uso exclusivo com chuveiro e vaso sanitário existentes no domicílio, Quantidade de crianças de zero a nove anos de idade","Domicílios Particulares Permanentes Ocupados, 4 ou mais banheiros de uso exclusivo com chuveiro e vaso sanitário existentes no domicílio, Quantidade de crianças de zero a nove anos de idade","Domicílios Particulares Permanentes Ocupados, Apenas banheiro de uso comum a mais de um domicílio, Quantidade de crianças de zero a nove anos de idade","Domicílios Particulares Permanentes Ocupados, Apenas sanitário ou buraco para dejeções, inclusive os localizados no terreno, Quantidade de crianças de zero a nove anos de idade","Domicílios Particulares Permanentes Ocupados, Não tinham banheiro nem sanitário, Quantidade de crianças de zero a nove anos de idade","Domicílios Particulares Permanentes Ocupados, 1 banheiro de uso exclusivo com chuveiro e vaso sanitário existentes no domicílio, Pessoas de sexo masculino no domicílio","Domicílios Particulares Permanentes Ocupados, 2 banheiros de uso exclusivo com chuveiro e vaso sanitário existentes no domicílio, Pessoas de sexo masculino no domicílio","Domicílios Particulares Permanentes Ocupados, 3 banheiros de uso exclusivo com chuveiro e vaso sanitário existentes no domicílio, Pessoas de sexo masculino no domicílio","Domicílios Particulares Permanentes Ocupados, 4 ou mais banheiros de uso exclusivo com chuveiro e vaso sanitário existentes no domicílio, Pessoas de sexo masculino no domicílio","Domicílios Particulares Permanentes Ocupados, Apenas banheiro de uso comum a mais de um domicílio, Pessoas de sexo masculino no domicílio","Domicílios Particulares Permanentes Ocupados, Apenas sanitário ou buraco para dejeções, inclusive os localizados no terreno, Pessoas de sexo masculino no domicílio","Domicílios Particulares Permanentes Ocupados, Não tinham banheiro nem sanitário, Pessoas de sexo masculino no domicílio","Domicílios Particulares Permanentes Ocupados, 1 banheiro de uso exclusivo com chuveiro e vaso sanitário existentes no domicílio, Pessoas de sexo feminino no domicílio","Domicílios Particulares Permanentes Ocupados, 2 banheiros de uso exclusivo com chuveiro e vaso sanitário existentes no domicílio, Pessoas de sexo feminino no domicílio","Domicílios Particulares Permanentes Ocupados, 3 banheiros de uso exclusivo com chuveiro e vaso sanitário existentes no domicílio, Pessoas de sexo feminino no domicílio","Domicílios Particulares Permanentes Ocupados, 4 ou mais banheiros de uso exclusivo com chuveiro e vaso sanitário existentes no domicílio, Pessoas de sexo feminino no domicílio","Domicílios Particulares Permanentes Ocupados, Apenas banheiro de uso comum a mais de um domicílio, Pessoas de sexo feminino no domicílio","Domicílios Particulares Permanentes Ocupados, Apenas sanitário ou buraco para dejeções, inclusive os localizados no terreno, Pessoas de sexo feminino no domicílio","Domicílios Particulares Permanentes Ocupados, Não tinham banheiro nem sanitário, Pessoas de sexo feminino no domicílio","Domicílios Particulares Permanentes Ocupados, Destinação do esgoto do banheiro ou sanitário ou buraco para dejeções é rede geral ou pluvial, Quantidade de moradores","Domicílios Particulares Permanentes Ocupados, Destinação do esgoto do banheiro ou sanitário ou buraco para dejeções é fossa séptica ou fossa filtro ligada à rede, Quantidade de moradores","Domicílios Particulares Permanentes Ocupados, Destinação do esgoto do banheiro ou sanitário ou buraco para dejeções é fossa séptica ou fossa filtro não ligada à rede, Quantidade de moradores","Domicílios Particulares Permanentes Ocupados, Destinação do esgoto do banheiro ou sanitário ou buraco para dejeções é fossa rudimentar ou buraco, Quantidade de moradores","Domicílios Particulares Permanentes Ocupados, Destinação do esgoto do banheiro ou sanitário ou buraco para dejeções é vala, Quantidade de moradores","Domicílios Particulares Permanentes Ocupados, Destinação do esgoto do banheiro ou sanitário ou buraco para dejeções é rio, lago, córrego ou mar, Quantidade de moradores","Domicílios Particulares Permanentes Ocupados, Destinação do esgoto do banheiro ou sanitário ou buraco para dejeções é outra forma, Quantidade de moradores","Domicílios Particulares Permanentes Ocupados, Destinação do esgoto inexistente, pois não tinham banheiro nem sanitário, Quantidade de moradores","Domicílios Particulares Permanentes Ocupados, Destinação do esgoto do banheiro ou sanitário ou buraco para dejeções é rede geral ou pluvial, Quantidade de crianças de zero a nove anos de idade","Domicílios Particulares Permanentes Ocupados, Destinação do esgoto do banheiro ou sanitário ou buraco para dejeções é fossa séptica ou fossa filtro ligada à rede, Quantidade de crianças de zero a nove anos de idade","Domicílios Particulares Permanentes Ocupados, Destinação do esgoto do banheiro ou sanitário ou buraco para dejeções é fossa séptica ou fossa filtro não ligada à rede, Quantidade de crianças de zero a nove anos de idade","Domicílios Particulares Permanentes Ocupados, Destinação do esgoto do banheiro ou sanitário ou buraco para dejeções é fossa rudimentar ou buraco, Quantidade de crianças de zero a nove anos de idade","Domicílios Particulares Permanentes Ocupados, Destinação do esgoto do banheiro ou sanitário ou buraco para dejeções é vala, Quantidade de crianças de zero a nove anos de idade","Domicílios Particulares Permanentes Ocupados, Destinação do esgoto do banheiro ou sanitário ou buraco para dejeções é rio, lago, córrego ou mar, Quantidade de crianças de zero a nove anos de idade","Domicílios Particulares Permanentes Ocupados, Destinação do esgoto do banheiro ou sanitário ou buraco para dejeções é outra forma, Quantidade de crianças de zero a nove anos de idade","Domicílios Particulares Permanentes Ocupados, Destinação do esgoto inexistente, pois não tinham banheiro nem sanitário, Quantidade de crianças de zero a nove anos de idade","Domicílios Particulares Permanentes Ocupados, Destinação do esgoto do banheiro ou sanitário ou buraco para dejeções é rede geral ou pluvial, Pessoas de sexo masculino no domicílio","Domicílios Particulares Permanentes Ocupados, Destinação do esgoto do banheiro ou sanitário ou buraco para dejeções é fossa séptica ou fossa filtro ligada à rede, Pessoas de sexo masculino no domicílio","Domicílios Particulares Permanentes Ocupados, Destinação do esgoto do banheiro ou sanitário ou buraco para dejeções é fossa séptica ou fossa filtro não ligada à rede, Pessoas de sexo masculino no domicílio","Domicílios Particulares Permanentes Ocupados, Destinação do esgoto do banheiro ou sanitário ou buraco para dejeções é fossa rudimentar ou buraco, Pessoas de sexo masculino no domicílio","Domicílios Particulares Permanentes Ocupados, Destinação do esgoto do banheiro ou sanitário ou buraco para dejeções é vala, Pessoas de sexo masculino no domicílio","Domicílios Particulares Permanentes Ocupados, Destinação do esgoto do banheiro ou sanitário ou buraco para dejeções é rio, lago, córrego ou mar, Pessoas de sexo masculino no domicílio","Domicílios Particulares Permanentes Ocupados, Destinação do esgoto do banheiro ou sanitário ou buraco para dejeções é outra forma, Pessoas de sexo masculino no domicílio","Domicílios Particulares Permanentes Ocupados, Destinação do esgoto inexistente, pois não tinham banheiro nem sanitário, Pessoas de sexo masculino no domicílio","Domicílios Particulares Permanentes Ocupados, Destinação do esgoto do banheiro ou sanitário ou buraco para dejeções é rede geral ou pluvial, Pessoas de sexo feminino no domicílio","Domicílios Particulares Permanentes Ocupados, Destinação do esgoto do banheiro ou sanitário ou buraco para dejeções é fossa séptica ou fossa filtro ligada à rede, Pessoas de sexo feminino no domicílio","Domicílios Particulares Permanentes Ocupados, Destinação do esgoto do banheiro ou sanitário ou buraco para dejeções é fossa séptica ou fossa filtro não ligada à rede, Pessoas de sexo feminino no domicílio","Domicílios Particulares Permanentes Ocupados, Destinação do esgoto do banheiro ou sanitário ou buraco para dejeções é fossa rudimentar ou buraco, Pessoas de sexo feminino no domicílio","Domicílios Particulares Permanentes Ocupados, Destinação do esgoto do banheiro ou sanitário ou buraco para dejeções é vala, Pessoas de sexo feminino no domicílio","Domicílios Particulares Permanentes Ocupados, Destinação do esgoto do banheiro ou sanitário ou buraco para dejeções é rio, lago, córrego ou mar, Pessoas de sexo feminino no domicílio","Domicílios Particulares Permanentes Ocupados, Destinação do esgoto do banheiro ou sanitário ou buraco para dejeções é outra forma, Pessoas de sexo feminino no domicílio","Domicílios Particulares Permanentes Ocupados, Destinação do esgoto inexistente, pois não tinham banheiro nem sanitário, Pessoas de sexo feminino no domicílio","Domicílios Particulares Permanentes Ocupados, Lixo coletado no domicílio por serviço de limpeza, Quantidade de moradores","Domicílios Particulares Permanentes Ocupados, Lixo depositado em caçamba de serviço de limpeza, Quantidade de moradores","Domicílios Particulares Permanentes Ocupados, Lixo queimado na propriedade, Quantidade de moradores","Domicílios Particulares Permanentes Ocupados, Lixo enterrado na propriedade, Quantidade de moradores","Domicílios Particulares Permanentes Ocupados, Lixo jogado em terreno baldio, encosta ou área pública, Quantidade de moradores","Domicílios Particulares Permanentes Ocupados, Outro destino do lixo, Quantidade de moradores","Domicílios Particulares Permanentes Ocupados, Lixo coletado no domicílio por serviço de limpeza, Quantidade de crianças de zero a nove anos de idade","Domicílios Particulares Permanentes Ocupados, Lixo depositado em caçamba de serviço de limpeza, Quantidade de crianças de zero a nove anos de idade","Domicílios Particulares Permanentes Ocupados, Lixo queimado na propriedade, Quantidade de crianças de zero a nove anos de idade","Domicílios Particulares Permanentes Ocupados, Lixo enterrado na propriedade, Quantidade de crianças de zero a nove anos de idade","Domicílios Particulares Permanentes Ocupados, Lixo jogado em terreno baldio, encosta ou área pública, Quantidade de crianças de zero a nove anos de idade","Domicílios Particulares Permanentes Ocupados, Outro destino do lixo, Quantidade de crianças de zero a nove anos de idade","Domicílios Particulares Permanentes Ocupados, Lixo coletado no domicílio por serviço de limpeza, Pessoas de sexo masculino no domicílio","Domicílios Particulares Permanentes Ocupados, Lixo depositado em caçamba de serviço de limpeza, Pessoas de sexo masculino no domicílio","Domicílios Particulares Permanentes Ocupados, Lixo queimado na propriedade, Pessoas de sexo masculino no domicílio","Domicílios Particulares Permanentes Ocupados, Lixo enterrado na propriedade, Pessoas de sexo masculino no domicílio","Domicílios Particulares Permanentes Ocupados, Lixo jogado em terreno baldio, encosta ou área pública, Pessoas de sexo masculino no domicílio","Domicílios Particulares Permanentes Ocupados, Outro destino do lixo, Pessoas de sexo masculino no domicílio","Domicílios Particulares Permanentes Ocupados, Lixo coletado no domicílio por serviço de limpeza, Pessoas de sexo feminino no domicílio","Domicílios Particulares Permanentes Ocupados, Lixo depositado em caçamba de serviço de limpeza, Pessoas de sexo feminino no domicílio","Domicílios Particulares Permanentes Ocupados, Lixo queimado na propriedade, Pessoas de sexo feminino no domicílio","Domicílios Particulares Permanentes Ocupados, Lixo enterrado na propriedade, Pessoas de sexo feminino no domicílio","Domicílios Particulares Permanentes Ocupados, Lixo jogado em terreno baldio, encosta ou área pública, Pessoas de sexo feminino no domicílio","Domicílios Particulares Permanentes Ocupados, Outro destino do lixo, Pessoas de sexo feminino no domicílio","Domicílios Particulares Permanentes Ocupados, Domicílio possui ligação à rede geral de distribuição de água, mas utiliza principalmente outra forma, Quantidade de moradores","Domicílios Particulares Permanentes Ocupados, Domicílio não possui ligação à rede geral de distribuição de água, Quantidade de moradores","Domicílios Particulares Permanentes Ocupados, Domicílio possui ligação à rede geral de distribuição de água, mas utiliza principalmente outra forma, Quantidade de crianças de zero a nove anos de idade","Domicílios Particulares Permanentes Ocupados, Domicílio não possui ligação à rede geral de distribuição de água, Quantidade de crianças de zero a nove anos de idade","Domicílios Particulares Permanentes Ocupados, Domicílio possui ligação à rede geral de distribuição de água, mas utiliza principalmente outra forma, Pessoas de sexo masculino no domicílio","Domicílios Particulares Permanentes Ocupados, Domicílio não possui ligação à rede geral de distribuição de água, Pessoas de sexo masculino no domicílio","Domicílios Particulares Permanentes Ocupados, Domicílio possui ligação à rede geral de distribuição de água, mas utiliza principalmente outra forma, Pessoas de sexo feminino no domicílio","Domicílios Particulares Permanentes Ocupados, Domicílio não possui ligação à rede geral de distribuição de água, Pessoas de sexo feminino no domicílio"
1501402001,Batista Campos,4813,1125,12366,378,84,1138,2162,492,5352,2651,625,7011,14939,3346,15,0,0,0,0,19,1372,235,0,0,0,0,0,0,6584,1420,7,0,0,0,0,6,8355,1926,3,0,0,0,0,10,18258,49,6,1614,0,0,7991,19,4,10267,23,0,3729,4823,5501,4256,10,0,0,319,376,492,415,0,0,0,1657,2030,2402,1930,0,0,0,2072,2793,3099,2326,8,0,0,11511,5447,889,149,291,9,20,0,1030,453,62,14,29,0,0,0,5024,2348,413,66,132,8,6,0,6487,3097,463,71,157,0,8,0,17686,486,0,0,0,137,1564,36,0,0,0,11,7753,204,0,0,0,52,9933,274,0,0,0,81,2601,775,186,42,1100,330,1499,437
1501402002,Canudos,10172,1251,473,825,132,34,4590,565,204,5582,686,269,9988,1833,14,7,0,0,0,71,854,137,0,0,0,0,0,9,4498,827,3,0,0,0,0,29,5490,1005,6,0,0,0,0,33,11683,167,59,972,24,0,5257,77,25,6426,84,22,6568,3578,1119,585,39,22,0,620,276,57,20,9,4,0,2960,1603,496,272,18,11,0,3608,1975,623,308,14,9,0,5807,2639,2212,370,736,136,7,0,480,241,170,25,66,13,0,0,2624,1172,983,170,349,60,0,0,3183,1467,1223,196,383,76,3,0,11177,587,0,0,144,9,934,46,0,0,26,0,5041,251,0,0,72,4,6136,331,0,0,71,5,808,1120,60,83,359,509,443,609
1501402003,Cidade Velha,7622,1043,1717,611,100,149,3458,470,794,4164,571,923,9961,417,5,0,0,0,0,0,847,18,0,0,0,0,0,0,4516,200,3,0,0,0,0,0,5445,212,0,0,0,0,0,0,10286,91,8,864,8,0,4674,36,3,5612,47,0,4057,3597,1700,1010,18,0,3,377,288,129,72,0,0,0,1858,1623,778,454,4,0,0,2199,1974,922,556,8,0,0,7522,2262,408,15,45,118,6,3,628,197,19,0,0,16,0,0,3389,1037,201,3,18,55,0,0,4133,1225,203,6,15,63,4,0,10208,162,0,0,7,10,861,11,0,0,0,0,4639,73,0,0,0,4,5569,83,0,0,0,6,250,174,13,0,119,86,129,83
1501402004,Condor,29097,4368,860,3149,513,92,13648,2031,402,15449,2325,448,34088,396,32,0,0,3,0,53,3752,33,0,0,0,0,0,6,15982,173,3,0,0,0,0,14,18106,187,12,0,0,0,0,28,32742,1789,45,3618,175,3,15356,823,14,17386,951,21,23759,7980,1884,708,220,0,11,2727,800,156,61,23,0,0,11196,3657,885,322,111,0,0,12563,4323,996,366,75,0,3,14315,16778,1283,1603,511,21,36,11,1605,1829,147,122,63,4,5,0,6759,7837,583,731,239,11,19,0,7556,8941,696,859,259,4,14,3,33248,1224,24,0,46,35,3670,135,0,0,3,0,15577,581,11,0,19,13,17671,631,13,0,20,15,243,241,18,22,96,89,112,113
1501402005,Cremação,18297,3004,7018,1680,318,651,8389,1376,3117,9908,1624,3893,25726,2781,17,0,0,0,0,39,2464,208,3,0,0,0,0,0,11766,1205,10,0,0,0,0,11,13960,1568,3,0,0,0,0,17,28387,164,12,2676,8,0,12934,58,3,15453,94,3,14229,7715,3397,3073,144,5,3,1437,655,264,281,17,0,0,6554,3474,1523,1386,51,0,0,7675,4241,1874,1678,76,3,0,14930,10682,1578,962,385,0,21,3,1437,941,140,98,56,0,0,0,6788,4884,694,441,179,0,4,0,8142,5798,872,514,203,0,6,0,27121,1279,0,0,48,119,2531,147,0,0,3,7,12339,591,0,0,20,44,14782,674,0,0,18,72,1738,1097,124,80,733,492,992,595
1501402006,Guamá,66485,10318,4075,7333,1279,446,31207,4893,1833,35278,5411,2216,74306,6369,90,17,12,3,9,303,8443,608,3,0,0,0,3,25,34903,2920,32,6,4,0,3,124,39403,3411,36,3,0,0,3,132,76165,4728,209,8502,602,9,35691,2249,77,40474,2460,86,56259,17615,4623,1938,521,91,30,6771,1662,354,131,59,4,0,26511,8204,2092,869,253,28,13,29748,9408,2520,1033,218,44,3,35608,27357,12005,2984,2607,329,156,30,3887,3117,1330,319,331,45,19,0,16891,12648,5584,1343,1259,156,55,13,18712,14699,6392,1592,1328,157,76,3,76927,3394,5,0,582,199,8601,422,0,0,71,27,36080,1571,0,0,277,88,40844,1791,4,0,287,95,2502,4309,215,415,1112,1989,1361,2268
1501402007,Jurunas,38733,9637,5440,4068,1209,552,18323,4552,2483,20410,5078,2954,52825,939,19,7,0,3,0,155,5779,63,5,0,0,0,0,8,24901,424,6,0,0,0,0,53,27924,481,8,3,0,0,0,61,49076,4810,82,5293,561,8,23028,2352,29,26048,2429,27,34246,12585,4440,2276,376,14,16,3940,1241,394,205,29,3,0,16241,5857,2071,1037,181,6,3,18005,6728,2362,1223,166,0,6,25305,23757,2584,703,1150,349,84,16,2693,2601,223,91,156,49,10,0,12006,11148,1149,337,519,176,33,3,13295,12604,1404,353,609,171,34,6,51228,2318,0,0,299,128,5588,219,0,0,38,13,24230,1019,0,0,126,51,26998,1277,0,0,169,73,783,350,43,17,339,150,395,157
1501402008,Marambaia,49489,3429,5821,4863,407,658,22802,1595,2654,26687,1814,3148,47865,9833,225,13,0,4,6,873,4826,946,19,0,0,0,0,145,22014,4551,92,4,0,0,0,416,25851,5278,115,5,0,0,4,430,57847,636,346,5870,64,25,26638,287,173,31209,321,160,31080,18549,6525,2529,114,28,0,3458,1657,558,208,17,0,0,14556,8424,2925,1123,49,6,0,16521,10122,3600,1383,51,11,0,40368,7391,7604,1421,1102,609,305,0,3991,809,680,183,114,73,46,0,18687,3359,3431,639,511,280,148,0,21677,4021,4163,760,575,326,137,0,54014,4262,7,0,510,35,5393,505,0,0,53,0,24874,1984,4,0,227,11,29140,2265,3,0,277,14,3439,7536,333,773,1562,3529,1850,3999
1501402009,Marco,34038,7681,17964,2895,745,1784,15363,3484,7935,18675,4187,10023,44259,15370,111,4,0,6,0,29,3997,1434,7,0,0,0,0,0,20016,6757,30,0,0,4,0,3,24243,8610,53,0,0,0,0,7,59338,303,142,5433,13,0,26642,123,45,32696,151,71,22646,19569,11010,6443,98,12,0,2082,1634,1034,628,6,0,0,10275,8649,4895,2941,37,4,0,12365,10920,6111,3475,43,5,0,33600,16447,6850,1602,733,26,517,0,2951,1560,616,125,71,0,60,0,15082,7328,3084,718,338,10,233,0,18518,9111,3749,854,382,11,274,0,55518,3952,6,0,242,70,5104,307,0,0,31,6,24965,1724,0,0,104,24,30553,2214,0,0,129,33,10711,4832,998,408,4732,2080,5963,2718
1501402010,Fátima,8282,1756,1179,784,193,126,3865,811,518,4417,943,657,10576,598,7,17,0,0,0,26,1061,42,0,0,0,0,0,0,4900,279,3,5,0,0,0,13,5676,315,4,12,0,0,0,13,11085,116,24,1091,13,3,5128,58,10,5957,49,11,6528,3220,1110,346,23,0,0,657,299,99,34,0,0,0,3037,1474,516,155,10,0,0,3491,1746,594,181,9,0,0,7607,2638,827,90,32,16,12,0,723,277,88,3,0,3,0,0,3517,1218,385,43,14,10,8,0,4090,1420,439,44,17,4,3,0,10525,665,5,0,26,7,1038,65,0,0,0,0,4841,337,0,0,12,0,5684,326,3,0,11,0,283,370,14,24,126,168,150,192
1501402011,Nazaré,2681,1098,13881,160,61,983,1159,473,5885,1522,617,7996,7225,10445,16,0,0,0,0,43,454,766,0,0,0,0,0,0,3048,4470,4,0,0,0,0,18,4177,5975,0,0,0,0,0,24,17696,26,6,1222,0,0,7530,9,0,10166,12,0,2403,4740,4952,5637,0,0,0,122,269,332,478,0,0,0,989,1988,2033,2534,0,0,0,1414,2752,2919,3103,0,0,0,10491,6133,962,56,17,0,64,0,650,488,58,5,0,0,7,0,4388,2687,391,22,4,0,30,0,6103,3446,556,24,4,0,33,0,17206,479,0,0,0,38,1187,29,0,0,0,0,7334,185,0,0,0,13,9872,287,0,0,0,22,9373,1134,690,69,3996,492,5377,632
1501402012,Pedreira,40901,8954,14321,3592,937,1489,18795,4114,6360,22104,4835,7953,51970,12220,121,5,0,3,0,79,4860,1177,3,0,0,0,0,4,23852,5427,48,0,0,0,0,26,28118,6783,55,4,0,3,0,28,64059,238,99,6041,21,0,29217,113,34,34842,98,40,33429,19447,8392,2888,246,0,0,3270,1655,851,208,21,0,0,15329,8812,3799,1301,110,0,0,18099,10635,4592,1563,102,0,0,38110,16370,7143,2185,375,35,173,0,3570,1599,623,170,39,0,16,0,17598,7324,3185,996,166,8,61,0,20509,9038,3945,1169,192,20,89,0,60299,3756,0,0,288,57,5643,376,0,0,29,0,27559,1651,0,0,135,15,32740,2077,0,0,140,30,5805,6646,595,583,2589,2926,3193,3696
1501402013,Reduto,1546,66,3540,87,3,264,680,30,1484,866,35,2056,3422,1716,0,3,0,0,0,21,235,121,0,0,0,0,0,0,1471,718,0,0,0,0,0,5,1951,998,0,0,0,0,0,13,5131,13,16,354,0,0,2182,0,9,2949,3,7,690,1720,1818,934,0,0,0,50,106,135,64,0,0,0,314,713,755,416,0,0,0,376,1007,1063,518,0,0,0,4257,621,133,18,5,0,126,0,289,46,8,0,0,0,9,0,1793,287,53,5,0,0,50,0,2464,334,76,6,3,0,76,0,4982,167,0,0,0,12,346,9,0,0,0,0,2118,75,0,0,0,0,2864,92,0,0,0,3,1558,180,112,4,645,81,913,99
1501402014,Sacramenta,34744,4295,1653,3727,576,205,16335,1993,721,18409,2298,923,36859,3796,14,15,0,0,0,125,4137,377,0,0,0,0,0,8,17226,1792,3,7,0,0,0,60,19633,1994,10,3,0,0,0,48,40256,417,128,4481,29,11,18831,197,56,21425,207,47,26551,10430,2482,810,501,7,20,3109,1041,206,59,55,0,0,12462,4799,1183,382,229,0,9,14086,5631,1296,412,239,3,8,23805,9963,4584,797,523,1019,83,20,2636,1134,425,84,67,151,12,0,11064,4689,2113,381,266,513,32,9,12741,5268,2458,406,243,503,43,8,37878,2311,3,3,380,238,4178,284,0,0,40,31,17737,1060,0,0,173,117,20141,1229,0,3,199,115,1238,2716,117,253,554,1310,658,1397
1501402015,São Brás,7963,1758,7884,560,134,636,3540,752,3431,4420,998,4453,12046,5611,0,4,0,0,0,10,911,420,0,0,0,0,0,0,5321,2428,0,0,0,0,0,3,6725,3183,0,0,0,0,0,0,17636,26,8,1335,0,0,7743,5,0,9893,14,3,4775,5778,3865,3236,12,0,0,356,377,291,292,0,0,0,2137,2452,1700,1461,0,0,0,2638,3326,2165,1775,7,0,0,9395,4977,2820,132,312,9,17,0,727,329,225,9,30,0,0,0,4174,2145,1219,60,139,0,3,0,5221,2832,1597,69,170,3,4,0,17586,83,0,0,0,0,1337,0,0,0,0,0,7715,35,0,0,0,0,9871,36,0,0,0,0,4359,1268,329,82,1914,518,2441,746
1501402016,Souza,5842,581,4520,517,54,389,2688,274,2081,3151,307,2436,7165,3774,20,0,0,0,0,9,654,304,0,0,0,0,0,0,3326,1719,7,0,0,0,0,3,3839,2053,10,0,0,0,0,6,10699,243,27,942,20,0,4929,115,12,5770,128,11,4244,4162,1681,875,6,0,0,346,409,145,56,0,0,0,1923,1926,800,403,0,0,0,2321,2236,878,472,4,0,0,6067,3402,1319,31,3,140,3,0,487,357,102,0,0,15,0,0,2828,1558,589,7,0,67,0,0,3239,1844,727,21,0,73,0,0,7250,3720,0,0,0,0,649,315,0,0,0,0,3341,1709,0,0,0,0,3905,2004,0,0,0,0,1555,2252,119,186,720,1011,835,1239
1501402017,Telégrafo,32739,3448,1856,3474,420,189,15200,1619,813,17538,1824,1036,36243,1866,36,0,0,0,0,68,3950,161,0,0,0,0,0,4,16806,843,12,0,0,0,0,30,19437,1004,18,0,0,0,0,23,37608,550,64,4067,51,4,17421,252,36,20187,285,23,24031,9775,2579,1509,293,19,12,2805,929,191,133,29,3,3,11150,4501,1206,681,147,9,5,12881,5274,1368,811,129,7,7,18926,13677,3707,232,418,1231,24,12,1963,1483,365,10,56,214,0,3,8756,6285,1720,104,195,635,6,5,10170,7392,1983,113,214,595,13,7,36471,881,0,0,881,6,3893,124,0,0,105,0,16896,408,0,0,413,0,19575,463,0,0,461,0,976,1003,84,74,426,468,535,514
1501402018,Montese (Terra Firme),42742,3016,667,4884,421,76,20451,1428,318,22291,1584,335,42848,2484,124,22,0,10,0,1128,5008,244,12,0,0,0,0,132,20506,1144,66,8,0,5,0,540,22342,1309,58,10,0,5,0,565,39463,5879,1280,4549,693,155,18833,2836,600,20630,3018,653,34217,9005,2120,632,390,178,60,4129,897,228,35,23,17,7,16362,4349,973,277,182,68,25,17855,4656,1143,324,179,85,24,17466,12387,8312,4008,4138,137,92,60,1979,1398,959,493,505,11,3,7,8390,5868,3990,1897,1978,57,36,25,9074,6516,4318,2089,2146,69,42,24,43715,1686,0,0,1193,29,5094,180,0,0,140,0,20902,813,0,0,561,7,22813,848,0,0,630,13,713,3053,64,329,321,1448,359,1582
1501402019,Campina,1861,50,3175,125,3,248,810,27,1456,1051,23,1719,3614,1463,0,0,0,0,0,9,281,102,0,0,0,0,0,0,1625,664,0,0,0,0,0,0,1989,799,0,0,0,0,0,4,5075,8,0,385,0,0,2289,0,0,2786,3,0,2204,1422,813,641,5,0,0,198,82,54,35,0,0,0,1013,636,365,275,3,0,0,1191,786,448,365,0,0,0,3303,1509,185,74,0,0,11,0,252,103,4,12,0,0,0,0,1479,692,76,36,0,0,3,0,1824,816,106,33,0,0,3,0,4765,303,0,0,7,7,351,28,0,0,0,0,2135,151,0,0,3,0,2630,148,0,0,4,3,1099,371,68,29,482,181,612,185
1501402020,Umarizal,12639,2635,17215,886,229,1712,5569,1148,7769,7067,1476,9444,24469,8024,22,0,0,5,0,60,2092,763,0,0,0,0,0,0,10924,3574,4,0,0,4,0,22,13545,4450,10,0,0,0,0,26,32503,51,27,2863,0,0,14510,10,7,17993,34,11,7485,8976,7172,8931,13,5,0,560,660,664,964,0,0,0,3285,3922,3192,4130,6,0,0,4198,5054,3980,4801,3,3,0,20561,8031,2902,132,569,28,347,0,1784,728,240,4,55,3,27,0,9151,3601,1296,50,264,8,141,0,11410,4430,1598,72,295,15,203,0,31597,969,0,0,0,10,2767,92,0,0,0,0,14113,409,0,0,0,0,17484,542,0,0,0,4,6589,1529,610,146,2951,655,3636,859
1501402021,Barreiro,19436,2720,199,2428,415,27,9319,1313,104,10117,1405,91,21996,338,4,0,0,0,0,81,2839,34,0,0,0,0,0,5,10568,147,3,0,0,0,0,36,11428,166,0,0,0,0,0,37,20484,1851,92,2658,220,5,9845,879,41,10639,966,40,17367,3667,791,174,390,26,5,2294,420,85,12,40,0,0,8318,1767,378,77,201,11,0,9049,1900,408,73,180,12,3,12634,8503,996,181,73,16,6,5,1612,1107,121,20,11,0,0,0,6084,4071,471,79,32,3,3,0,6550,4425,514,98,31,6,3,3,20656,792,0,0,919,53,2655,92,0,0,136,7,9938,373,0,0,422,27,10718,411,0,0,487,26,168,255,15,24,70,110,70,125
1501402022,Maracangalha,25753,1266,993,2966,193,174,12152,615,479,13601,639,504,22522,5427,20,7,0,21,0,283,2694,617,0,0,0,3,0,61,10636,2602,11,4,0,6,0,133,11886,2820,9,3,0,12,0,147,26753,964,566,3178,105,93,12660,449,277,14093,501,277,17624,7832,1928,752,103,24,20,2272,800,195,54,15,4,0,8385,3676,896,348,58,14,11,9239,4156,1030,392,42,8,7,10684,10598,5211,960,658,43,106,20,1370,1175,608,107,73,7,15,0,5083,4967,2482,449,317,21,45,11,5601,5626,2725,507,336,20,49,7,27730,324,21,8,145,45,3315,24,6,4,21,8,13118,164,13,3,61,14,14612,147,8,5,75,27,2190,3578,240,438,1026,1734,1153,1841
1501402023,Miramar,521,49,0,63,7,0,249,21,0,272,28,0,453,101,0,0,0,0,0,24,58,7,0,0,0,0,0,6,217,45,0,0,0,0,0,11,236,56,0,0,0,0,0,13,501,63,14,57,11,5,238,29,6,263,34,8,314,199,13,0,36,0,14,38,21,5,0,5,0,4,146,97,6,0,15,0,7,168,102,7,0,21,0,7,313,135,33,83,0,0,0,14,40,14,0,12,0,0,0,4,152,61,17,34,0,0,0,7,161,74,15,47,0,0,0,7,442,61,40,0,0,34,49,11,8,0,0,5,215,24,19,0,0,15,227,37,21,0,0,19,67,58,4,8,31,25,36,33
1501402024,Curió-Utinga,14865,1695,760,1586,226,87,6987,817,351,7878,877,405,15147,1960,136,0,0,0,6,155,1651,216,16,0,0,0,0,19,7130,928,64,0,0,0,3,64,8017,1025,65,0,0,0,3,78,17118,68,215,1869,0,35,8062,24,107,9056,34,104,10539,4267,1470,1007,73,5,40,1229,429,135,71,11,0,8,4982,2016,676,466,36,3,17,5557,2251,791,541,31,0,20,9306,2627,3476,787,1034,75,52,40,945,252,405,102,135,15,6,8,4386,1256,1611,363,496,38,25,17,4920,1370,1859,424,527,37,22,20,16576,556,163,0,81,29,1815,60,26,0,6,0,7783,277,87,0,35,15,8793,269,76,0,44,12,461,1795,44,195,212,856,241,935
1501402025,Val-de-Cães,4014,2153,852,407,393,136,1822,1052,438,2192,1101,414,3389,3638,22,0,0,0,0,17,429,504,6,0,0,0,0,6,1560,1752,6,0,0,0,0,12,1829,1886,10,0,0,0,0,5,6825,203,36,907,32,0,3226,89,19,3599,114,16,2571,2315,1083,1079,13,0,0,422,314,96,110,0,0,0,1169,1130,495,532,5,0,0,1402,1185,588,547,8,0,0,2458,2271,2193,98,33,4,6,0,266,433,222,14,0,0,0,0,1147,1098,1021,44,14,3,5,0,1311,1173,1170,52,19,0,0,0,6923,114,25,0,0,5,925,17,0,0,0,0,3264,54,11,0,0,3,3659,58,14,0,0,0,1868,1811,309,208,881,894,987,917
1501402026,Mangueirão,24924,2448,7053,2875,279,702,11846,1150,3155,13077,1289,3878,18435,15912,140,7,0,3,0,67,2120,1751,12,0,0,0,0,3,8697,7424,67,0,0,0,0,34,9733,8488,65,3,0,0,0,27,32292,1113,1161,3634,135,120,15132,533,560,17160,569,593,19093,11365,2494,1523,75,0,11,2270,1193,228,132,3,0,3,8950,5339,1165,718,33,0,4,10143,6020,1323,795,21,0,3,12114,5376,9488,6575,929,48,16,11,1373,590,1062,729,89,3,0,3,5749,2493,4442,3083,411,19,3,4,6364,2872,5045,3487,497,22,3,3,31809,2459,3,0,268,21,3643,211,0,0,41,0,15005,1078,0,0,129,3,16804,1354,0,0,137,5,2000,14138,216,1545,950,6586,1041,7552
1501402027,Universitário,5384,53,1512,923,0,361,2613,27,724,2771,26,786,6822,81,3,0,0,0,0,51,1273,7,0,0,0,0,0,5,3297,41,0,0,0,0,0,21,3525,40,0,0,0,0,0,23,4332,2607,26,699,584,3,2086,1269,9,2246,1338,7,6409,428,78,27,9,4,4,1225,44,10,0,0,0,0,3108,197,35,9,4,0,0,3301,229,37,10,0,3,0,1272,1014,1321,447,2089,803,7,4,265,129,279,56,448,99,0,0,616,497,628,219,1022,373,3,0,656,517,687,228,1067,428,0,0,2956,3968,6,0,28,4,536,745,0,0,3,0,1433,1920,0,0,6,0,1523,2045,4,0,15,3,15,127,0,13,5,64,6,60
1501402028,Castanheira,14936,2435,2462,1450,272,231,6873,1175,1092,8063,1260,1367,16174,3603,61,4,0,0,0,35,1612,341,0,0,0,0,0,0,7417,1691,18,0,0,0,0,12,8757,1912,28,4,0,0,0,16,19684,151,38,1944,8,0,9072,50,12,10612,88,8,11543,5895,1699,722,14,3,3,1208,553,144,35,0,0,0,5415,2666,742,319,5,0,0,6128,3229,956,401,6,0,0,10185,3345,5014,917,245,118,45,3,931,366,534,87,22,6,5,0,4683,1535,2315,418,117,55,9,0,5502,1810,2696,488,125,63,28,0,18596,1232,0,0,39,9,1803,158,0,0,8,0,8542,576,0,0,23,3,10054,641,0,0,16,3,883,2830,72,263,412,1325,462,1502
1501402029,Guanabara,1332,60,7,175,6,0,649,22,0,683,36,5,557,855,14,0,0,6,0,7,69,116,0,0,0,0,0,0,254,427,6,0,0,3,0,0,300,428,8,0,0,3,0,5,1305,15,119,173,0,9,624,7,63,681,8,56,1035,294,82,20,6,0,0,140,34,9,0,0,0,0,498,140,40,10,0,0,0,537,154,42,10,0,0,0,657,24,300,376,77,0,0,0,77,0,38,59,10,0,0,0,314,15,144,181,38,0,0,0,343,8,156,195,39,0,0,0,1199,114,51,0,64,11,159,12,5,0,10,0,575,53,28,0,32,6,624,61,23,0,32,5,130,752,6,107,68,370,62,382
1501402030,Águas Lindas,16441,631,27,2354,99,0,8034,314,4,8407,312,16,2665,13308,800,5,0,3,0,314,328,1924,129,0,0,0,0,65,1274,6516,394,4,0,0,0,161,1391,6792,401,0,0,0,0,143,16158,587,359,2298,77,76,7873,286,195,8285,293,156,12969,3368,542,107,72,25,14,1973,396,46,0,7,3,0,6346,1651,258,38,29,4,3,6623,1717,280,55,29,14,7,1156,573,6551,7760,799,36,195,14,171,62,1034,1035,90,5,26,0,565,260,3285,3703,397,19,99,3,584,309,3262,4057,394,16,85,7,16078,470,431,10,89,18,2265,73,90,0,14,0,7844,225,227,6,39,5,8234,228,200,4,47,7,1148,13286,188,1937,563,6516,574,6770
1501402031,Aurá,1981,35,0,353,8,0,949,18,0,1032,13,0,33,1007,18,0,0,17,4,936,0,213,0,0,0,4,0,136,9,515,9,0,0,8,3,420,18,492,9,0,0,9,0,513,1536,117,361,249,24,84,709,60,200,827,57,161,1371,298,23,7,79,188,49,237,33,4,3,17,52,4,648,141,6,3,47,93,30,723,154,16,4,32,95,19,0,18,1015,854,48,3,23,49,0,0,150,183,7,0,3,4,0,6,457,433,29,0,9,30,0,7,556,421,19,0,14,19,1467,10,331,4,198,0,242,0,74,0,43,0,685,5,170,3,101,0,782,5,157,0,97,0,13,1966,6,352,6,948,5,1018
1501402032,Bengui,21725,1590,106,2625,245,18,10288,774,43,11437,808,55,10554,12598,192,10,0,0,0,183,1360,1516,10,0,0,0,0,22,4958,6027,84,3,0,0,0,80,5596,6571,100,7,0,0,0,89,20572,2734,233,2536,354,20,9774,1271,112,10798,1454,105,15861,5741,1373,407,76,73,6,2088,619,122,38,12,7,0,7522,2735,649,175,32,32,0,8339,3006,724,211,35,38,0,6170,1414,8624,5845,1026,431,19,6,722,149,1107,742,102,64,0,0,2928,664,4083,2769,491,208,0,0,3242,750,4538,3072,523,217,9,0,20646,1271,60,0,1470,99,2509,151,3,0,237,13,9767,604,25,0,711,50,10879,654,35,0,752,43,1848,11144,228,1329,881,5329,960,5815
1501402033,Cabanagem,20551,1745,151,2624,309,25,9797,835,72,10754,910,69,16905,5445,115,4,0,4,0,73,2319,632,11,0,0,0,0,0,8020,2637,52,0,0,0,0,19,8885,2804,57,0,0,0,0,25,20370,2101,89,2678,280,0,9708,1013,25,10662,1081,40,16742,4470,982,255,84,10,4,2277,530,100,10,15,0,0,8024,2114,445,117,36,3,0,8718,2356,532,121,36,3,4,4692,2086,12527,1362,1651,213,8,4,564,302,1671,180,194,24,0,0,2215,993,5969,661,792,106,4,0,2475,1085,6558,689,856,103,0,4,20831,724,82,0,761,153,2728,86,11,0,113,18,9909,348,40,0,375,74,10922,364,33,0,381,67,1471,4184,164,477,708,2031,754,2150
1501402034,Coqueiro,41421,3028,5196,4473,416,621,19400,1430,2376,22021,1570,2802,21376,27834,366,8,0,3,5,112,2328,3174,20,0,0,0,0,3,9948,13075,159,0,0,0,0,37,11425,14759,177,3,0,0,4,53,47500,1850,366,5316,191,35,22189,874,161,25311,943,169,27131,16279,4238,1917,115,28,0,3393,1571,361,163,24,0,0,12803,7550,1967,851,55,17,0,14328,8729,2259,1058,53,10,0,10971,9606,23138,3543,1118,1130,201,0,1080,894,2843,357,127,165,18,0,5042,4482,10863,1669,533,540,94,0,5919,5113,12272,1854,567,580,101,0,42613,6707,37,13,306,40,4544,963,3,0,33,0,19871,3192,12,3,142,13,22742,3488,16,6,155,21,4538,23808,433,2765,2087,11212,2429,12593
1501402035,Parque Verde,26125,4464,11853,3151,535,1412,12309,2115,5392,13812,2340,6446,18548,23424,239,13,0,12,4,250,2185,2865,17,0,0,0,0,36,8637,10977,96,5,0,7,0,110,9908,12447,120,4,0,3,3,130,40821,1224,463,4928,136,56,19042,583,212,21779,619,237,22454,12190,3807,3918,34,82,10,2783,1371,462,462,3,0,0,10529,5604,1783,1845,13,36,3,11916,6586,2001,2063,13,35,0,10645,10451,18007,1377,1554,347,88,10,1116,1255,2264,182,202,52,5,0,4927,4771,8503,633,779,167,24,3,5712,5673,9498,728,766,174,51,0,37776,4494,8,0,111,101,4609,479,0,0,23,4,17695,2051,0,0,47,38,20081,2434,0,0,54,51,6758,17203,869,2040,3154,8063,3594,9136
1501402036,Pratinha,19513,1051,2193,2649,145,438,9433,484,983,10080,558,1201,11828,9930,732,5,0,6,30,352,1802,1304,73,0,0,0,3,56,5739,4685,342,0,0,3,17,178,6087,5245,374,3,0,3,11,166,21248,718,930,2992,99,146,10180,338,463,11068,370,453,16123,4166,1272,833,145,308,35,2501,427,146,66,14,59,0,7737,2005,594,390,68,156,13,8386,2161,671,441,56,147,18,2783,2924,9248,5211,1439,1102,140,35,436,423,1308,656,179,190,7,0,1281,1335,4499,2529,682,551,54,13,1499,1582,4743,2673,747,546,75,18,21113,621,256,6,661,231,2937,100,41,0,122,46,10149,298,128,0,304,97,10964,316,122,4,348,134,3522,7546,486,967,1654,3595,1865,3948
1501402037,São Clemente,8568,123,0,1340,22,0,4155,57,0,4413,60,0,3259,4939,38,0,0,0,0,455,537,719,10,0,0,0,0,97,1566,2405,10,0,0,0,0,225,1691,2534,20,0,0,0,0,224,8212,414,63,1295,61,0,3977,201,29,4235,209,26,7134,1251,156,46,76,31,0,1166,167,9,0,0,0,0,3447,614,76,21,31,14,0,3687,637,67,24,37,9,0,718,773,1841,4507,428,344,77,0,99,100,271,750,58,55,13,0,341,375,883,2176,217,172,41,0,374,393,952,2331,209,172,32,0,7500,131,159,0,761,144,1149,8,27,0,128,36,3620,65,79,0,383,63,3880,62,78,0,373,76,480,4958,72,753,242,2408,234,2550
1501402038,Tapanã,64421,2461,1951,8839,315,222,30745,1117,879,33676,1307,1044,30215,35850,1387,36,8,24,44,1462,4099,4879,182,3,0,0,8,201,14367,17112,597,15,4,3,20,700,15835,18737,763,13,4,7,21,736,64708,2870,1491,8778,427,198,30755,1407,708,33953,1438,753,45219,16339,4163,2524,388,313,85,6547,1899,464,292,63,46,7,21499,7788,1962,1194,176,140,31,23718,8551,2174,1274,183,148,35,10846,7239,34325,10997,3748,1455,321,85,1284,834,4655,1687,524,258,40,7,5145,3330,16345,5299,1786,700,119,31,5669,3876,17976,5672,1922,747,171,35,63410,3971,662,6,744,249,8518,620,91,0,123,42,30157,1895,329,0,346,114,33253,2056,303,0,381,116,4352,34497,529,4779,2043,16453,2278,18043
1501402039,Una,4447,237,490,564,25,57,2119,116,226,2328,121,264,2492,2481,5,5,0,5,0,187,310,313,0,0,0,0,0,26,1192,1170,3,0,0,3,0,87,1300,1308,0,3,0,0,0,97,4497,555,127,556,77,19,2134,269,57,2363,284,64,3629,1225,200,95,20,3,0,492,122,13,8,0,0,0,1752,553,95,46,3,0,0,1877,672,103,46,7,0,0,924,540,3092,33,500,59,24,0,81,66,395,5,68,19,4,0,427,263,1468,14,240,28,9,0,496,273,1624,15,260,29,11,0,3661,648,18,0,636,212,417,91,0,0,94,41,1732,315,7,0,295,101,1925,333,8,0,330,109,581,2106,71,264,272,999,305,1107
1501402040,Águas Negras,7698,885,1206,1043,124,248,3737,423,531,3959,462,675,6056,3453,260,0,0,0,0,20,955,423,28,0,0,0,0,0,2868,1686,126,0,0,0,0,3,3188,1767,127,0,0,0,0,7,9509,223,57,1377,30,0,4556,101,28,4953,119,22,7547,1831,281,72,41,7,0,1173,206,18,3,0,0,0,3617,879,126,29,20,0,0,3930,952,150,32,17,3,0,1406,629,5665,1571,479,0,31,0,232,107,800,208,45,0,4,0,649,272,2748,764,236,0,12,0,757,354,2916,805,240,0,13,0,8703,820,61,0,135,65,1272,96,8,0,22,13,4169,397,30,0,57,32,4533,422,29,0,74,33,1295,2441,148,310,631,1194,664,1247
1501402041,Agulha,14529,2119,195,1788,261,25,6931,975,98,7595,1135,97,4954,10160,1550,29,0,3,6,131,636,1252,165,4,0,0,0,4,2368,4780,756,14,0,0,4,71,2586,5380,792,12,0,0,0,50,14850,1281,718,1814,169,77,7019,621,365,7831,657,344,12058,3682,788,229,72,4,10,1571,383,81,11,4,0,0,5752,1731,370,101,34,0,4,6306,1951,416,119,26,0,3,1616,494,7980,4641,1856,160,77,10,152,52,959,644,213,16,6,0,731,238,3770,2212,896,79,36,4,865,248,4204,2418,950,75,38,3,15111,933,60,0,706,37,1835,119,9,0,98,9,7208,408,27,0,345,15,7903,514,31,0,360,18,1508,10388,152,1288,710,4933,798,5455
1501402042,Campina de Icoaraci,21354,1344,115,2365,163,10,10183,646,43,11171,694,57,9238,12466,1180,10,0,4,3,111,1010,1398,137,0,0,0,0,10,4375,5966,574,3,0,0,0,42,4863,6500,600,4,0,0,0,48,21943,669,403,2459,66,28,10466,324,176,11477,342,210,15525,5677,1265,350,157,23,6,1895,528,95,6,12,0,0,7453,2660,585,165,79,12,5,8072,3017,668,178,70,11,0,1609,1954,13293,4522,1383,208,30,6,128,222,1534,474,146,32,0,0,777,915,6329,2116,687,101,14,5,823,1024,6964,2393,684,107,8,0,21207,542,119,5,1115,22,2339,64,16,0,144,3,10096,261,47,3,545,12,11111,273,66,0,570,7,2777,11009,278,1279,1333,5276,1443,5733
1501402043,Cruzeiro,7397,1381,2633,738,146,355,3487,625,1255,3910,750,1378,5421,5764,218,4,0,3,0,12,603,616,15,0,0,0,0,0,2564,2694,105,3,0,0,0,0,2857,3070,106,0,0,0,0,8,10586,429,409,1158,34,40,4974,213,181,5612,213,216,7199,3120,715,334,49,0,3,797,345,55,20,10,0,0,3422,1440,328,156,20,0,0,3777,1680,387,172,25,0,0,1630,3255,4724,1014,411,373,11,3,177,395,460,103,39,51,0,0,784,1522,2190,483,204,177,6,0,845,1733,2534,527,202,190,5,0,8887,2217,8,4,304,0,893,299,0,0,45,0,4186,1040,3,0,144,0,4701,1177,3,0,157,0,1074,4932,88,544,501,2311,570,2621
1501402044,Maracacuera,11518,753,7386,1654,136,1333,5618,368,3370,5896,385,4016,11384,7179,954,4,0,6,17,108,2023,970,102,0,0,0,0,9,5291,3521,477,0,0,0,9,43,6093,3658,476,0,0,4,5,49,17867,949,850,2873,122,119,8492,458,404,9375,482,435,16836,2174,303,117,124,73,34,2770,265,30,6,10,5,6,7986,1041,149,54,66,30,13,8850,1133,145,52,54,31,16,2920,5388,4851,5759,389,210,106,34,491,966,664,857,59,36,14,6,1348,2485,2374,2756,202,104,51,13,1561,2892,2474,2993,182,102,53,16,13526,4520,197,0,1401,7,2027,826,34,0,232,0,6480,2094,98,0,681,0,7046,2418,96,0,717,3,1773,6503,221,878,869,3200,901,3303
1501402045,Paracuri,15588,436,138,2185,59,32,7586,204,63,8002,225,73,6258,9192,500,0,0,3,4,250,923,1261,66,0,0,0,0,35,3042,4475,227,0,0,0,0,127,3213,4717,264,0,0,0,3,117,14807,871,534,2053,154,80,7191,429,262,7616,441,270,12442,2844,487,116,118,169,24,1843,324,42,11,9,30,4,6045,1386,226,52,57,78,6,6397,1458,255,45,53,81,9,1156,703,4662,6853,1549,1093,161,24,121,98,650,965,219,178,34,4,580,343,2258,3307,750,547,68,6,574,350,2404,3546,791,543,91,9,12388,2228,188,5,1270,129,1690,352,31,0,181,22,6013,1087,102,3,610,61,6375,1137,82,0,660,55,844,9117,99,1271,415,4425,423,4692
1501402046,Parque Guajará,23869,790,3484,3558,113,438,11485,370,1568,12380,416,1916,15885,11750,341,0,0,0,0,223,2418,1616,44,0,0,0,0,41,7568,5594,156,0,0,0,0,117,8317,6155,168,0,0,0,0,95,26925,767,515,3930,109,67,12798,377,264,14127,374,240,21630,4969,879,389,146,96,81,3331,585,84,33,14,13,21,10307,2359,411,177,75,41,43,11323,2604,457,193,54,39,35,5839,4746,11483,2406,3238,294,106,81,829,571,1707,347,511,58,15,21,2762,2192,5491,1136,1603,130,54,43,3066,2540,5991,1252,1622,141,50,35,24660,3048,198,3,240,52,3575,461,34,0,33,8,11730,1484,86,0,107,18,12927,1542,106,0,126,22,3131,9194,426,1278,1485,4401,1641,4791
1501402047,Ponta Grossa,9528,1976,214,1026,244,28,4409,918,97,5119,1058,117,5795,5540,344,0,0,0,0,37,665,590,28,0,0,0,0,5,2688,2561,154,0,0,0,0,17,3107,2979,187,0,0,0,0,16,10462,729,534,1165,80,50,4838,330,256,5624,399,271,7792,2867,768,215,71,7,0,919,275,58,17,18,0,0,3606,1322,357,105,24,3,0,4186,1545,411,108,42,0,0,1939,1244,3192,4401,658,281,7,0,196,121,348,508,68,38,0,0,877,572,1496,2027,311,129,5,0,1062,670,1696,2371,341,147,0,0,10730,873,58,0,61,3,1169,112,6,0,9,0,4947,417,24,0,31,0,5783,449,28,0,30,0,1209,4724,103,523,547,2192,660,2532
1501402048,Tenoné,29253,812,6547,4027,110,944,14053,388,2951,15196,402,3587,13349,22457,595,5,0,9,0,218,1844,3122,65,0,0,0,0,41,6335,10655,307,0,0,6,0,92,7008,11802,271,3,0,0,0,102,35654,549,425,4944,74,60,16907,270,217,18747,266,184,25352,9138,1718,302,57,42,0,3760,1094,173,25,7,3,0,12072,4346,790,131,18,10,0,13280,4792,916,142,26,14,0,2889,9610,18235,5080,739,19,45,0,320,1324,2548,728,94,0,6,0,1391,4474,8664,2456,354,6,17,0,1481,5126,9567,2609,367,3,15,0,29015,6492,104,0,366,661,4039,879,13,0,48,97,13867,2991,40,0,175,323,15148,3497,42,0,186,326,2573,20719,362,2873,1223,9853,1327,10866
